NAME,POP_MAX,CENTROID_LON,CENTROID_LAT
africa,256130945,18.614400292372707,2.782648292539899
antarctica,2925,11.562356006033104,-68.5090810896169
asia,1129418163,91.58747977791079,32.42367102463343
europe,299520170,20.455133477407436,50.55902123484467
north_america,338875562,-95.8189796676817,36.821446616508005
oceania,24927934,135.01643707556659,-28.754185019112118
south_america,249560279,-60.348339161535975,-16.636964266350514
